{"cameraMode":{"drawMode":0,"name":"Shaded","section":"Shading Mode"},"sceneLighting":true,"audioPlay":false,"sceneViewState":{"m_AlwaysRefresh":false,"showFog":true,"showSkybox":true,"showFlares":true,"showImageEffects":true,"showParticleSystems":true,"showVisualEffectGraphs":true,"m_FxEnabled":true},"in2DMode":false,"pivot":{"x":-0.7157723903656006,"y":-0.08820450305938721,"z":0.9402222633361816},"rotation":{"x":-0.10616665333509445,"y":0.8589543700218201,"z":-0.19823025166988374,"w":-0.46003276109695437},"size":2.1073949337005617,"orthographic":false}